id,first_name,last_name,email,country,city,address,phone,company,salary
696e1fd4-8abd-498d-8f58-2efcf0d4291d,Jessica,Curtis,markwilliams@gmail.com,Brunei Darussalam,Thompsonland,"USS Chambers, FPO AP 43920",7118110025,Wilson-Ramirez,35661.6
f79e3e45-2763-48de-aca4-77e8af3831cd,Wanda,Gutierrez,eduncan@gill.net,Maldives,Gonzalezport,"35546 Thomas Forge Apt. 771, Sabrinahaven, TN 42738",545-853-2138x82166,Huffman-Johnson,131150.81
028e1b21-d0ae-4687-9f09-a0fcd1c2cad6,Jose,Robles,johnmason@hotmail.com,Norfolk Island,Lake Davidfurt,"1480 Willis Route, West Mary, OK 81320",906-877-4294x541,Horn Inc,65134.41
9a25096d-ce55-4e79-bb74-6e7d6f42be2f,Shawn,Richards,gregory37@hotmail.com,Liberia,Port Marychester,"7153 Young Mill, Raymouth, WV 15919",(388)072-3002x47977,Romero-Ayers,97127.65
8ec90c78-3197-49b5-a28d-a58e624d6d3d,Melanie,Freeman,hendersonjo@simon.biz,Russian Federation,Williamshaven,"55621 Hutchinson Circle, Port Juliebury, AL 28540",(750)480-9471x85091,"Howe, Ayala and Bates",42070.94
4fd4c7df-ea15-494a-ac15-e688151ac5b3,Eric,Doyle,nathanpugh@hotmail.com,Turkmenistan,South Tony,"9813 Brown Land, West Tony, WI 75325",+1-009-604-9018x470,Scott Ltd,30023.49
5cdd7400-83ae-40f0-b757-8d548077ea9b,Joseph,Edwards,tlewis@williamson-james.com,Saint Lucia,Caseybury,"11280 Sarah Tunnel Apt. 977, South Clayton, TX 99358",452-273-8993x521,Abbott-Weaver,55826.49
4f6af96c-f813-420b-8b36-5ddc3707877c,Abigail,Taylor,jasonsmith@jordan.net,Liechtenstein,North Lindsey,"820 Jonathan Causeway Apt. 857, Cooperfort, TX 64576",(508)055-8647x8086,Powers Inc,37355.0
951b776b-f139-4ff0-a7cf-e2a0b1efdbf3,Rebecca,Bowman,tyler07@mayer.com,Antigua and Barbuda,West Robertland,"222 Shelton Cove, Port Marc, FL 26539",(933)377-4082,"Doyle, Phillips and Bartlett",83484.67
d6f51ba9-da4f-4c2a-aad9-6fec7c767258,Melissa,Jones,victoria59@flowers-bailey.com,Nicaragua,Keithberg,"USS Spence, FPO AE 62753",001-468-036-3624x77797,Reyes-Burns,128595.85
be530de7-5eea-448b-a414-a0f97eaa8aa8,Alexandria,Jones,yschmidt@hotmail.com,Burundi,Austinstad,"97519 Mclaughlin Ford Apt. 585, Garciaview, AL 20617",445.958.9122x9693,"Schaefer, Wood and Pierce",54218.41
9c8c92de-71e3-4d29-9567-454650e1e296,Lisa,Allen,navarrojasmine@yahoo.com,Botswana,Kyliebury,"176 Harrison Turnpike, Wagnerville, DE 76528",204.176.1911,Rush-Mcdowell,72097.84
9ab67896-c34d-4a0a-aefb-c48d4d65a7c9,William,Morton,johnsondebra@hotmail.com,Zimbabwe,Amandamouth,"78186 Keith Viaduct, Gentrymouth, WI 33558",672-132-7971,Valentine Inc,57447.45
c99f0925-d7db-466c-86c2-0195b2341a04,Paige,Mckinney,dillon15@carrillo.com,Holy See (Vatican City State),Steinfort,"733 Murphy Port, Sydneyland, VT 03377",695-338-6593x48820,Perez LLC,79813.29
f944597d-2925-4034-b83f-5cb3f6d166a3,Diane,Perez,wdixon@jordan.org,Lebanon,South Patriciashire,"PSC 0997, Box 9327, APO AA 67532",599.067.7298x6827,Ross-Watson,99433.92
7e96ed71-be7d-41a6-bd2a-24365d6c807f,Misty,David,jason95@yahoo.com,Ireland,Hernandezchester,"446 Coffey Fall, West Richardshire, MD 41768",765.237.7706x82976,Riley-Sullivan,39996.84
c8d74b9a-9911-4a7b-bbae-35673afef4e2,Sydney,Cameron,cowanpenny@brown-jones.net,Kiribati,Lake Sharon,"1332 Stewart Vista, North Tara, FL 09478",(236)210-0837,Kirk-Harris,102554.79
f3386331-f469-4c0a-afcb-cb41a7a6423f,Steven,Mcknight,smithkirk@yahoo.com,Vanuatu,South Gregory,"3218 Zachary Ways Suite 088, Timothyton, NE 90039",001-572-181-8472x1337,"Brown, Jones and Harrington",34232.2
e0bf57d1-4c99-40ba-b744-3073b374b623,Wendy,Franklin,jbarron@carpenter.com,Colombia,South Staceyside,"7036 Hughes Bypass Apt. 095, South Lindseymouth, NJ 54591",135-105-8855,Hall-Mercado,73555.44
ea417708-e6ba-407d-a0e9-8e751ca8e896,Diane,Patel,ahogan@gmail.com,Mongolia,Morrisonbury,"078 Susan Club, Martineztown, NY 02771",(128)076-8983x906,"Wise, Vasquez and Gilbert",121942.49
be91f730-6e43-4c72-a6fa-b66d69cf6f87,Tim,Smith,omartinez@hotmail.com,Greenland,Sarahstad,"7038 Rios Crossroad Apt. 585, Cannonfort, RI 41103",(158)885-4795x104,Allen and Sons,144229.85
a29c1d6d-91ff-4586-9bde-7872c9292640,Steven,Shea,ethan97@george-hardy.org,Bulgaria,North Cynthia,"Unit 8772 Box 6098, DPO AP 94299",4531851004,Adams LLC,84328.82
67361832-0e59-49cf-bba7-97ad2ccd9252,Susan,Wright,wbishop@anderson.net,Yemen,West Tyler,"97726 Webb Crossing, Leroyborough, NJ 13975",0261280644,"Thomas, Simmons and Sparks",104952.14
627f6ae7-62ad-476b-9b8e-d74f5616e3bd,Ray,Massey,nicole14@gmail.com,Honduras,Laurenport,"048 Kimberly Summit Apt. 073, Ruizberg, MD 98497",001-800-327-0822x99462,Mclaughlin Group,86903.25
a35f67d2-08e0-40e7-8d27-4da0e10c377a,Christopher,Tran,moraleskimberly@gmail.com,Venezuela,Josephberg,"1739 Michelle Prairie, Longtown, DC 70413",+1-007-318-6521,"Patterson, Turner and Campbell",141395.89
0fc8b561-f9b9-4c51-bf44-dc8feb092bfe,Shawn,Wilson,christinatownsend@gmail.com,Brunei Darussalam,South Andrew,"484 Park Road Apt. 054, Georgemouth, OK 72007",778-588-5140x24384,Thompson-Park,93766.8
28ebf92f-d9fc-4d42-a60f-e0e89fa6fbfb,Jonathan,Johnson,ureynolds@yahoo.com,British Virgin Islands,East Douglas,"84306 Mcbride Harbors, Tonyfort, AK 97468",+1-091-321-6006x04876,"Trujillo, Barnett and Ballard",92172.59
a42161fe-2d98-438a-9448-2d4b3703812f,Kelly,Thomas,matthewclark@ross-hale.com,Austria,New Brianmouth,"96863 Murphy Viaduct, Nicholaston, IN 81132",001-329-777-8238x963,"Miles, Jackson and Davis",111808.17
56ac1e19-9512-4792-81d0-a294c2fe4580,Stephanie,Villarreal,zscott@gonzales-davidson.info,Anguilla,North Victoriabury,"937 Jones Hills, Burnettside, WI 45037",3603027712,Moore-Williams,130393.61
995731d1-4e67-4627-b85f-9b5fa6f7f03d,Megan,Thomas,rmurray@hamilton.net,Holy See (Vatican City State),Elliottborough,"899 Snyder Place Suite 413, East Andrewburgh, AK 24487",206-453-8406,Newman-Dorsey,125015.99
33a6320b-fe4c-458f-9414-b47fba9293f9,Christine,Cantrell,austin75@ward.com,Bouvet Island (Bouvetoya),Bensonland,"3465 Kimberly Groves Suite 992, Rogersfort, GA 65539",001-056-747-8219x38547,Carney Inc,135330.11
2a5eb997-4131-4eec-a9ee-58bae1878dc5,Mark,Lee,mary51@woodard-brock.biz,Netherlands,Nicholsmouth,"USNS Perez, FPO AP 02229",353.477.1099,Blackburn-Duncan,78227.11
5e0caf93-048f-4a2a-b6a4-44acd4c1e0cd,Troy,Beck,wrightkevin@hotmail.com,Hungary,Stephenville,"60538 Allison Inlet, East Aaron, IN 48470",001-233-281-1783x5599,Harvey PLC,42482.46
7e4f936f-9f06-4e2f-886d-87397547399a,Sandra,Williams,peter43@yahoo.com,Svalbard & Jan Mayen Islands,Davidberg,"893 Amy Track, Robertport, OK 44482",+1-007-771-5266x081,"Martinez, Ashley and Brown",137161.17
6bb7b6b2-5d36-4efa-8aaf-3155a5717cf6,Joyce,Dixon,hhayes@rivas-zimmerman.info,Montenegro,East Jamesbury,"4850 Ball Row Suite 172, Millerview, WI 16143",6824685050,Jackson-Lee,132548.74
fbdf63d7-f741-4ed6-aaf8-bcf5a08f216b,Jennifer,Martinez,mikayla92@fitzpatrick.info,Suriname,Cassidyport,"4488 Kristin Route Apt. 057, Hoton, GA 54190",(388)999-9285x87108,Torres-Oliver,94705.77
76d4217d-b05f-4efb-9e03-4f0657ce780f,Ashley,Reid,christopherbrown@gomez.com,Kiribati,Jonesland,"63826 Davenport Drive, West Jessica, GA 37516",+1-718-407-4826,Jones Inc,83782.71
d2fe1638-6382-4096-a6bb-dc2ce9acba57,John,Garrett,sarashaffer@allen-bryant.net,British Indian Ocean Territory (Chagos Archipelago),South Christopher,"7036 Mary Square, East Robertberg, WY 69232",(440)715-1119,"Garcia, Allen and Crawford",139953.9
45a46cc0-bd7f-4c1f-b595-c33e6eb35177,Rebecca,Jarvis,npetty@short.biz,Martinique,New Seanshire,"69066 Douglas Inlet, West Jacqueline, WV 31068",806.351.2295,Cruz and Sons,47576.56
16d6bbdd-13c8-40db-8e9f-a3d1ba1f4761,Kenneth,Petty,hornjames@vaughn-martin.biz,Myanmar,Smithland,"68075 Phillips Centers Apt. 126, South Johnnyfort, TX 79111",001-638-936-2793x135,Guerrero Group,119710.51
2492d41e-b657-4db9-887f-7fc0e91245fe,Karen,Avila,adrianmaxwell@yahoo.com,Svalbard & Jan Mayen Islands,Austintown,"944 Joseph Shores Apt. 276, Johnsonhaven, MI 87252",035.699.2374x48702,Conner-Long,100691.64
afcecd93-e70f-4236-85f8-3b8376e9cac1,Michael,Lopez,melissaperry@yahoo.com,Pitcairn Islands,Piercechester,"6550 Thompson Crescent Suite 053, West Adam, NJ 15377",(706)874-7411x433,Daniel-Berg,48598.04
6c2dbce1-6382-45ae-954d-b553f9d70f2d,Joseph,Nash,hillstephen@yahoo.com,Russian Federation,South Davidtown,"9371 Conley Extensions, Tonyhaven, MN 87581",(479)016-9404x358,Lopez-Porter,115267.07
5f52409a-e36c-4261-beda-d6ec783f44d4,Daniel,Howell,uthompson@yahoo.com,Eritrea,New Leonardton,"08163 William Mall Suite 531, Anthonyfurt, KY 79706",(378)411-6172,"Williams, Brown and Moreno",121350.82
28cf53be-7ca8-45f8-8527-456ab650399e,William,Salas,jacksonanna@rivers.com,Syrian Arab Republic,New Victoria,"Unit 7374 Box 4779, DPO AA 51413",495-732-1631,"Edwards, Hernandez and Wilson",102948.5
8289a75a-8c5e-4a79-9a6f-62bc36526bec,Paul,Turner,meganwatts@hotmail.com,Benin,Jessicaview,"909 Dixon Meadows, Andersonbury, MI 96323",598-658-2440x3572,Cook-Nelson,114201.35
5e1324da-d407-4e8d-870c-ef27bd03df68,Eric,Miller,yolandacaldwell@gmail.com,Mongolia,New Michaelbury,"87962 Paul Burgs Apt. 043, Guzmanland, MA 49637",+1-076-327-9899,King-Davidson,106871.15
f96d7621-e1fb-4c7a-9229-f110e663d429,Katherine,Martin,samueleaton@freeman-jones.com,Senegal,Cervantesstad,"34458 Dylan Springs Suite 529, Jillburgh, KY 73363",054.403.1047x64622,Skinner-Rios,81884.43
f9767a59-6c9e-4aac-958f-924752de29d3,Alexandra,Crawford,jonesbrian@yahoo.com,United Kingdom,Moorefurt,"PSC 0882, Box 2198, APO AE 27072",(857)457-6270,Curry-Peters,50745.54
d0c8b0f6-6ac4-40ce-9205-a60f3b019e04,Jesse,Fletcher,jacksonthomas@yahoo.com,Qatar,East Nicolemouth,"1718 Brown Wells Apt. 077, Reynoldston, WV 39185",176.244.4492x5200,Carter-Torres,107502.19
